Selection,Log_Perplexity,Perplexity,Domain
Top 1,2.066703375220834,7.89874096474594,aime-math
Top 2,1.7108774314754205,5.533814891408486,aime-math
Top 3,1.6156418313284127,5.031116015288193,aime-math
Top 4,1.5902919165554001,4.905180622779816,aime-math
Top 5,1.579624188827755,4.853131607402375,aime-math
Top 6,1.5749698823438396,4.830596129686121,aime-math
