Selection,Log_Perplexity,Perplexity,Domain
Top 1,2.999954702334839,20.08462711586777,arxiv
Top 2,2.656671833227485,14.248787754373476,arxiv
Top 3,2.5619841437306223,12.96150931625251,arxiv
Top 4,2.5343093657999147,12.607720517582505,arxiv
Top 5,2.523396400205151,12.470880918313576,arxiv
Top 6,2.5184774773436964,12.409688241474306,arxiv
