Selection,Log_Perplexity,Perplexity,Domain
Top 1,2.678548088419478,14.56393239561693,chinese
Top 2,2.3050923918249024,10.0251044473326,chinese
Top 3,2.2089879196442794,9.106495222620419,chinese
Top 4,2.174605766150722,8.7987156867942,chinese
Top 5,2.1600015383157145,8.671150997421037,chinese
Top 6,2.1550330389858114,8.628175240419003,chinese
