Selection,Log_Perplexity,Perplexity,Domain
Top 1,1.521578722259035,4.579449169655334,english
Top 2,1.2864911656379165,3.6200620466085893,english
Top 3,1.2314075095301116,3.426048339927185,english
Top 4,1.2108087331783433,3.356197823818538,english
Top 5,1.202467558690897,3.3283196222632125,english
Top 6,1.1988274878754788,3.316226326721038,english
