Selection,Log_Perplexity,Perplexity,Domain
Top 1,2.534661882876415,12.612165737822684,french-qa
Top 2,1.9183708960032193,6.809855465016469,french-qa
Top 3,1.8136299914942475,6.132668611380906,french-qa
Top 4,1.7824091608970762,5.944159619237895,french-qa
Top 5,1.7681964609930012,5.860274590821165,french-qa
Top 6,1.7628878574223317,5.829247145273379,french-qa
