Selection,Log_Perplexity,Perplexity,Domain
Top 1,1.9432411502995885,6.981341918983422,github
Top 2,1.7523655923715769,5.768231834358299,github
Top 3,1.6983478775066698,5.464911226595213,github
Top 4,1.6775513776037314,5.352433822752273,github
Top 5,1.6718761996156777,5.3221438399580565,github
Top 6,1.6660806776862662,5.291388446485246,github
