Selection,Log_Perplexity,Perplexity,Domain
Top 1,1.9582309051175324,7.086778784798676,gsm8k
Top 2,1.7261950870803302,5.619232490655174,gsm8k
Top 3,1.6627111696859895,5.273589075184792,gsm8k
Top 4,1.6428060860785154,5.169655676842288,gsm8k
Top 5,1.6292479672592541,5.100037880538447,gsm8k
Top 6,1.6215541956360024,5.060949913575798,gsm8k
